strategy_name,submission_id,filename,submitted_at,artifact_path,run_dir,final_pnl,max_pnl,min_pnl,max_drawdown,max_drawdown_pct,first_positive_ts,pnl_slope,pnl_volatility,num_points,time_horizon,peak_to_final_drop,recovery_after_drawdown,trade_count,products,raw_fields_found
v4a_aggressive_take,178762,47-v4a_aggressive_take.py,2026-04-16T03:56:32.246000+00:00,runs/2026-04-15_23-56-31_v4a_aggressive_take/artifact.json,runs/2026-04-15_23-56-31_v4a_aggressive_take,4124.78125,4124.78125,0.0,28.9765625,0.14837712519319937,3500.0,0.04436783266734629,8.777872105965384,500,99800.0,0.0,3165.859375,,,
v4j_L1_10,178807,48-v4j_L1_10.py,2026-04-16T03:58:31.770000+00:00,runs/2026-04-15_23-58-31_v4j_L1_10/artifact.json,runs/2026-04-15_23-58-31_v4j_L1_10,6410.625,6410.625,0.0,41.15625,0.1282146160962072,1100.0,0.06856660956971952,17.53787534683252,500,99800.0,0.0,1568.71875,,,
v4d_pepper_max,178852,49-v4d_pepper_max.py,2026-04-16T04:00:35.925000+00:00,runs/2026-04-16_00-00-35_v4d_pepper_max/artifact.json,runs/2026-04-16_00-00-35_v4d_pepper_max,4215.625,4215.625,0.0,22.71875,0.0340201245807379,6500.0,0.045231057214541355,8.853827098877236,500,99800.0,0.0,1361.78125,,,
v4e_stacked,178888,50-v4e_stacked.py,2026-04-16T04:02:25.489000+00:00,runs/2026-04-16_00-02-25_v4e_stacked/artifact.json,runs/2026-04-16_00-02-25_v4e_stacked,6289.78125,6289.78125,0.0,44.46875,0.1282146160962072,1100.0,0.06708158894135577,16.559457823372046,500,99800.0,0.0,1567.5625,,,
a_L1_size_8_a_k_inv_1.0_a_take_edge_buy_1_a_take_edge_sell_2,179667,59-a_L1_size_8_a_k_inv_1.0_a_take_edge_buy_1_a_take_edge_sell_2.py,2026-04-16T04:31:58.370000+00:00,runs/2026-04-16_00-31-58_a_L1_size_8_a_k_inv_1.0_a_take_edge_buy_1_a_take_edge_sell_2/artifact.json,runs/2026-04-16_00-31-58_a_L1_size_8_a_k_inv_1.0_a_take_edge_buy_1_a_take_edge_sell_2,6247.40625,6247.40625,0.0,39.4375,0.1282146160962072,1100.0,0.06676340591502991,16.997792970676265,500,99800.0,0.0,1556.125,,,
a_L1_size_8_a_k_inv_1.0_a_take_edge_buy_1,179696,60-a_L1_size_8_a_k_inv_1.0_a_take_edge_buy_1.py,2026-04-16T04:33:32.185000+00:00,runs/2026-04-16_00-33-32_a_L1_size_8_a_k_inv_1.0_a_take_edge_buy_1/artifact.json,runs/2026-04-16_00-33-32_a_L1_size_8_a_k_inv_1.0_a_take_edge_buy_1,6322.375,6322.375,0.0,52.84375,0.1282146160962072,1100.0,0.06743269864181019,16.180913608462497,500,99800.0,0.0,1564.9375,,,
a_L1_size_8_a_k_inv_1.0_a_take_edge_buy_1_a_take_edge_sell_4,179755,61-a_L1_size_8_a_k_inv_1.0_a_take_edge_buy_1_a_take_edge_sell_4.py,2026-04-16T04:35:36.944000+00:00,runs/2026-04-16_00-35-36_a_L1_size_8_a_k_inv_1.0_a_take_edge_buy_1_a_take_edge_sell_4/artifact.json,runs/2026-04-16_00-35-36_a_L1_size_8_a_k_inv_1.0_a_take_edge_buy_1_a_take_edge_sell_4,6086.875,6086.875,0.0,64.5625,0.1282146160962072,1100.0,0.06418988437719376,16.857384273487135,500,99800.0,0.0,1519.9375,,,
a_L1_size_8_a_k_inv_1.0_a_take_edge_sell_2,179797,62-a_L1_size_8_a_k_inv_1.0_a_take_edge_sell_2.py,2026-04-16T04:37:31.062000+00:00,runs/2026-04-16_00-37-30_a_L1_size_8_a_k_inv_1.0_a_take_edge_sell_2/artifact.json,runs/2026-04-16_00-37-30_a_L1_size_8_a_k_inv_1.0_a_take_edge_sell_2,6150.9375,6150.9375,0.0,58.65625,0.1282146160962072,1100.0,0.06567224951493555,18.166425996039447,500,99800.0,0.0,5183.65625,,,
a_L1_size_8_a_k_inv_1.0,179846,63-a_L1_size_8_a_k_inv_1.0.py,2026-04-16T04:39:36.451000+00:00,runs/2026-04-16_00-39-36_a_L1_size_8_a_k_inv_1.0/artifact.json,runs/2026-04-16_00-39-36_a_L1_size_8_a_k_inv_1.0,6289.78125,6289.78125,0.0,44.46875,0.1282146160962072,1100.0,0.06708158894135577,16.559457823372046,500,99800.0,0.0,1567.5625,,,
s182338_a_base_size_5_a_half_spread_3_a_take_edge_0,180544,68-s182338_a_base_size_5_a_half_spread_3_a_take_edge_0.py,2026-04-16T05:05:24.111000+00:00,runs/2026-04-16_01-05-23_s182338_a_base_size_5_a_half_spread_3_a_take_edge_0/artifact.json,runs/2026-04-16_01-05-23_s182338_a_base_size_5_a_half_spread_3_a_take_edge_0,9480.125,9480.125,-682.0,439.09375,0.011475855404221906,7100.0,0.10245002079617693,24.873662738320736,500,99800.0,0.0,10162.125,,,
s182338_a_base_size_5_a_half_spread_3_a_take_edge_1,180605,69-s182338_a_base_size_5_a_half_spread_3_a_take_edge_1.py,2026-04-16T05:07:39.943000+00:00,runs/2026-04-16_01-07-39_s182338_a_base_size_5_a_half_spread_3_a_take_edge_1/artifact.json,runs/2026-04-16_01-07-39_s182338_a_base_size_5_a_half_spread_3_a_take_edge_1,9419.0625,9419.0625,-682.0,439.09375,0.0064376334631327725,7100.0,0.10200541576885057,24.313178379506358,500,99800.0,0.0,10101.0625,,,
s182338_a_base_size_5_a_half_spread_3,180657,70-s182338_a_base_size_5_a_half_spread_3.py,2026-04-16T05:09:35.101000+00:00,runs/2026-04-16_01-09-34_s182338_a_base_size_5_a_half_spread_3/artifact.json,runs/2026-04-16_01-09-34_s182338_a_base_size_5_a_half_spread_3,9421.34375,9421.34375,-682.0,439.09375,0.0064376334631327725,7100.0,0.1020566077612748,24.287618883808463,500,99800.0,0.0,10103.34375,,,
s182338_a_base_size_5_a_half_spread_3_a_take_edge_3,180724,71-s182338_a_base_size_5_a_half_spread_3_a_take_edge_3.py,2026-04-16T05:11:39.845000+00:00,runs/2026-04-16_01-11-39_s182338_a_base_size_5_a_half_spread_3_a_take_edge_3/artifact.json,runs/2026-04-16_01-11-39_s182338_a_base_size_5_a_half_spread_3_a_take_edge_3,9447.28125,9447.28125,-682.0,439.09375,0.011842064258780267,7100.0,0.10231205293141485,24.14287861878105,500,99800.0,0.0,10129.28125,,,
s182338_a_base_size_5_a_half_spread_3_a_take_edge_4,180773,72-s182338_a_base_size_5_a_half_spread_3_a_take_edge_4.py,2026-04-16T05:13:34.737000+00:00,runs/2026-04-16_01-13-34_s182338_a_base_size_5_a_half_spread_3_a_take_edge_4/artifact.json,runs/2026-04-16_01-13-34_s182338_a_base_size_5_a_half_spread_3_a_take_edge_4,9466.28125,9466.28125,-682.0,439.09375,0.004506372391381615,7300.0,0.10263899705051945,23.98970536852098,500,99800.0,0.0,10148.28125,,,
s182338_a_base_size_5_a_half_spread_3_a_take_edge_5,180824,73-s182338_a_base_size_5_a_half_spread_3_a_take_edge_5.py,2026-04-16T05:15:39.730000+00:00,runs/2026-04-16_01-15-39_s182338_a_base_size_5_a_half_spread_3_a_take_edge_5/artifact.json,runs/2026-04-16_01-15-39_s182338_a_base_size_5_a_half_spread_3_a_take_edge_5,9402.84375,9402.84375,-682.0,439.09375,0.004524752306986388,7300.0,0.10225510006727527,23.927406330816634,500,99800.0,0.0,10084.84375,,,
s182338_a_base_size_5_a_half_spread_4_a_take_edge_0,180892,74-s182338_a_base_size_5_a_half_spread_4_a_take_edge_0.py,2026-04-16T05:17:34.871000+00:00,runs/2026-04-16_01-17-34_s182338_a_base_size_5_a_half_spread_4_a_take_edge_0/artifact.json,runs/2026-04-16_01-17-34_s182338_a_base_size_5_a_half_spread_4_a_take_edge_0,9485.40625,9485.40625,-682.0,439.09375,0.011475855404221906,7100.0,0.102511410440173,24.8475311983321,500,99800.0,0.0,10167.40625,,,
s182338_a_base_size_5_a_half_spread_4_a_take_edge_1,180959,75-s182338_a_base_size_5_a_half_spread_4_a_take_edge_1.py,2026-04-16T05:20:31.221000+00:00,runs/2026-04-16_01-20-31_s182338_a_base_size_5_a_half_spread_4_a_take_edge_1/artifact.json,runs/2026-04-16_01-20-31_s182338_a_base_size_5_a_half_spread_4_a_take_edge_1,9360.9375,9360.9375,-682.0,439.09375,0.0064054493188351455,7100.0,0.10094544603639352,24.4634296107373,500,99800.0,0.0,10042.9375,,,
s182338_a_base_size_5_a_half_spread_4,181013,76-s182338_a_base_size_5_a_half_spread_4.py,2026-04-16T05:22:35.789000+00:00,runs/2026-04-16_01-22-35_s182338_a_base_size_5_a_half_spread_4/artifact.json,runs/2026-04-16_01-22-35_s182338_a_base_size_5_a_half_spread_4,9353.5,9353.5,-682.0,439.09375,0.0064054493188351455,7100.0,0.10090614019463891,24.39441813652472,500,99800.0,0.0,10035.5,,,
s182338_a_base_size_5_a_half_spread_4_a_take_edge_3,181056,77-s182338_a_base_size_5_a_half_spread_4_a_take_edge_3.py,2026-04-16T05:24:40.196000+00:00,runs/2026-04-16_01-24-40_s182338_a_base_size_5_a_half_spread_4_a_take_edge_3/artifact.json,runs/2026-04-16_01-24-40_s182338_a_base_size_5_a_half_spread_4_a_take_edge_3,9350.0,9350.0,-682.0,439.09375,0.011842064258780267,7100.0,0.10079146018318448,24.12155787838606,500,99800.0,0.0,10032.0,,,
s182338_a_base_size_5_a_half_spread_4_a_take_edge_4,181103,78-s182338_a_base_size_5_a_half_spread_4_a_take_edge_4.py,2026-04-16T05:26:35.399000+00:00,runs/2026-04-16_01-26-35_s182338_a_base_size_5_a_half_spread_4_a_take_edge_4/artifact.json,runs/2026-04-16_01-26-35_s182338_a_base_size_5_a_half_spread_4_a_take_edge_4,9394.53125,9394.53125,-682.0,439.09375,0.005002048620595466,7300.0,0.10156255398099717,24.081086637166454,500,99800.0,0.0,10076.53125,,,
s182338_a_base_size_5_a_half_spread_4_a_take_edge_5,181157,79-s182338_a_base_size_5_a_half_spread_4_a_take_edge_5.py,2026-04-16T05:28:41.053000+00:00,runs/2026-04-16_01-28-40_s182338_a_base_size_5_a_half_spread_4_a_take_edge_5/artifact.json,runs/2026-04-16_01-28-40_s182338_a_base_size_5_a_half_spread_4_a_take_edge_5,9333.28125,9333.28125,-682.0,439.09375,0.005026073830108412,7300.0,0.10114583269458077,23.9733741124724,500,99800.0,0.0,10015.28125,,,
s182338_a_base_size_5_a_half_spread_5_a_take_edge_0,181208,80-s182338_a_base_size_5_a_half_spread_5_a_take_edge_0.py,2026-04-16T05:30:35.934000+00:00,runs/2026-04-16_01-30-35_s182338_a_base_size_5_a_half_spread_5_a_take_edge_0/artifact.json,runs/2026-04-16_01-30-35_s182338_a_base_size_5_a_half_spread_5_a_take_edge_0,9419.6875,9419.6875,-682.0,439.09375,0.011475855404221906,7100.0,0.1015381959444244,24.717621471963575,500,99800.0,0.0,10101.6875,,,
s182338_a_base_size_5_a_half_spread_5_a_take_edge_1,181257,81-s182338_a_base_size_5_a_half_spread_5_a_take_edge_1.py,2026-04-16T05:32:31.415000+00:00,runs/2026-04-16_01-32-31_s182338_a_base_size_5_a_half_spread_5_a_take_edge_1/artifact.json,runs/2026-04-16_01-32-31_s182338_a_base_size_5_a_half_spread_5_a_take_edge_1,9370.21875,9370.21875,-682.0,439.09375,0.006373585374953364,7100.0,0.10104914054109342,24.451122401173087,500,99800.0,0.0,10052.21875,,,
s182338_a_base_size_5_a_half_spread_5,181310,82-s182338_a_base_size_5_a_half_spread_5.py,2026-04-16T05:34:36.830000+00:00,runs/2026-04-16_01-34-36_s182338_a_base_size_5_a_half_spread_5/artifact.json,runs/2026-04-16_01-34-36_s182338_a_base_size_5_a_half_spread_5,9362.78125,9362.78125,-682.0,439.09375,0.006373585374953364,7100.0,0.1010098301866645,24.38602457966724,500,99800.0,0.0,10044.78125,,,
s182338_a_base_size_5_a_half_spread_5_a_take_edge_3,181357,83-s182338_a_base_size_5_a_half_spread_5_a_take_edge_3.py,2026-04-16T05:36:41.477000+00:00,runs/2026-04-16_01-36-41_s182338_a_base_size_5_a_half_spread_5_a_take_edge_3/artifact.json,runs/2026-04-16_01-36-41_s182338_a_base_size_5_a_half_spread_5_a_take_edge_3,9359.28125,9359.28125,-682.0,439.09375,0.011842064258780267,7100.0,0.1008951506823996,24.113614181129677,500,99800.0,0.0,10041.28125,,,
s182338_a_base_size_5_a_half_spread_5_a_take_edge_4,181407,84-s182338_a_base_size_5_a_half_spread_5_a_take_edge_4.py,2026-04-16T05:38:36.920000+00:00,runs/2026-04-16_01-38-36_s182338_a_base_size_5_a_half_spread_5_a_take_edge_4/artifact.json,runs/2026-04-16_01-38-36_s182338_a_base_size_5_a_half_spread_5_a_take_edge_4,9411.0,9411.0,-682.0,439.09375,0.004769176954381415,7300.0,0.1016604257553749,24.04629577539127,500,99800.0,0.0,10093.0,,,
s182338_a_base_size_5_a_half_spread_5_a_take_edge_5,181460,85-s182338_a_base_size_5_a_half_spread_5_a_take_edge_5.py,2026-04-16T05:40:31.054000+00:00,runs/2026-04-16_01-40-30_s182338_a_base_size_5_a_half_spread_5_a_take_edge_5/artifact.json,runs/2026-04-16_01-40-30_s182338_a_base_size_5_a_half_spread_5_a_take_edge_5,9337.5625,9337.5625,-682.0,439.09375,0.004795360767257723,7300.0,0.10122252614182332,23.95177907447887,500,99800.0,0.0,10019.5625,,,
s182338_a_base_size_8_a_half_spread_3_a_take_edge_0,181615,87-s182338_a_base_size_8_a_half_spread_3_a_take_edge_0.py,2026-04-16T05:46:15.821000+00:00,runs/2026-04-16_01-46-15_s182338_a_base_size_8_a_half_spread_3_a_take_edge_0/artifact.json,runs/2026-04-16_01-46-15_s182338_a_base_size_8_a_half_spread_3_a_take_edge_0,9966.65625,9966.65625,-682.0,439.09375,0.009184828133495967,6700.0,0.10801664194852093,26.642164220687214,500,99800.0,0.0,10648.65625,,,
s182338_a_base_size_8_a_half_spread_3,181669,88-s182338_a_base_size_8_a_half_spread_3.py,2026-04-16T05:48:30.965000+00:00,runs/2026-04-16_01-48-30_s182338_a_base_size_8_a_half_spread_3/artifact.json,runs/2026-04-16_01-48-30_s182338_a_base_size_8_a_half_spread_3,9951.90625,9951.90625,-682.0,439.09375,0.005350079517187946,6700.0,0.10800736240796525,26.296392008027606,500,99800.0,0.0,10633.90625,,,
s182338_a_base_size_8_a_half_spread_3_a_take_edge_4,181720,89-s182338_a_base_size_8_a_half_spread_3_a_take_edge_4.py,2026-04-16T05:50:35.722000+00:00,runs/2026-04-16_01-50-35_s182338_a_base_size_8_a_half_spread_3_a_take_edge_4/artifact.json,runs/2026-04-16_01-50-35_s182338_a_base_size_8_a_half_spread_3_a_take_edge_4,9907.28125,9907.28125,-682.0,439.09375,0.006848638220900806,6900.0,0.10723813227690411,25.99703931470816,500,99800.0,0.0,10589.28125,,,
s182338_a_base_size_8_a_half_spread_4_a_take_edge_0,181769,90-s182338_a_base_size_8_a_half_spread_4_a_take_edge_0.py,2026-04-16T05:52:40.510000+00:00,runs/2026-04-16_01-52-40_s182338_a_base_size_8_a_half_spread_4_a_take_edge_0/artifact.json,runs/2026-04-16_01-52-40_s182338_a_base_size_8_a_half_spread_4_a_take_edge_0,9943.65625,9943.65625,-682.0,439.09375,0.00913328754511844,6700.0,0.10762403606075362,26.657922296647712,500,99800.0,0.0,10625.65625,,,
s182338_a_base_size_8_a_half_spread_4,181810,91-s182338_a_base_size_8_a_half_spread_4.py,2026-04-16T05:54:35.144000+00:00,runs/2026-04-16_01-54-35_s182338_a_base_size_8_a_half_spread_4/artifact.json,runs/2026-04-16_01-54-35_s182338_a_base_size_8_a_half_spread_4,9832.34375,9832.34375,-682.0,439.09375,0.006898073818910416,6700.0,0.1060519178622027,26.21961573827537,500,99800.0,0.0,10514.34375,,,
s182338_a_base_size_8_a_half_spread_4_a_take_edge_4,181861,92-s182338_a_base_size_8_a_half_spread_4_a_take_edge_4.py,2026-04-16T05:56:39.824000+00:00,runs/2026-04-16_01-56-39_s182338_a_base_size_8_a_half_spread_4_a_take_edge_4/artifact.json,runs/2026-04-16_01-56-39_s182338_a_base_size_8_a_half_spread_4_a_take_edge_4,9812.28125,9812.28125,-682.0,439.09375,0.007946251500883666,6900.0,0.10578594864691959,25.955079552132084,500,99800.0,0.0,10494.28125,,,
s182338_a_base_size_8_a_half_spread_5_a_take_edge_0,181931,93-s182338_a_base_size_8_a_half_spread_5_a_take_edge_0.py,2026-04-16T05:59:36.122000+00:00,runs/2026-04-16_01-59-35_s182338_a_base_size_8_a_half_spread_5_a_take_edge_0/artifact.json,runs/2026-04-16_01-59-35_s182338_a_base_size_8_a_half_spread_5_a_take_edge_0,9911.375,9911.375,-682.0,439.09375,0.009082322168131948,6700.0,0.10699427571694661,26.67935735939065,500,99800.0,0.0,10593.375,,,
s182338_a_base_size_8_a_half_spread_5,181977,94-s182338_a_base_size_8_a_half_spread_5.py,2026-04-16T06:01:30.915000+00:00,runs/2026-04-16_02-01-30_s182338_a_base_size_8_a_half_spread_5/artifact.json,runs/2026-04-16_02-01-30_s182338_a_base_size_8_a_half_spread_5,9840.625,9840.625,-682.0,439.09375,0.006881872698307163,6700.0,0.1061453976000279,26.215160973433566,500,99800.0,0.0,10522.625,,,
ashv2_ask_half_6_ask_mult_0.75_base_ske_-1.5_bid_half_2_bid_mult_0.5,182344,96-ashv2_ask_half_6_ask_mult_0.75_base_ske_-1.5_bid_half_2_bid_mult_0.5.py,2026-04-16T06:16:43.160000+00:00,runs/2026-04-16_02-16-42_ashv2_ask_half_6_ask_mult_0.75_base_ske_-1.5_bid_half_2_bid_mult_0.5/artifact.json,runs/2026-04-16_02-16-42_ashv2_ask_half_6_ask_mult_0.75_base_ske_-1.5_bid_half_2_bid_mult_0.5,-9690.46875,-350.765625,-9704.5625,9353.796875,0.0,,-0.09026444013401054,58.974915363819235,500,99800.0,9339.703125,14.09375,,,
ashv2_ask_half_7_ask_mult_0.0_ask_mult_0.0_bid_half_4_bid_mult_1.0,182402,97-ashv2_ask_half_7_ask_mult_0.0_ask_mult_0.0_bid_half_4_bid_mult_1.0.py,2026-04-16T06:18:38.642000+00:00,runs/2026-04-16_02-18-38_ashv2_ask_half_7_ask_mult_0.0_ask_mult_0.0_bid_half_4_bid_mult_1.0/artifact.json,runs/2026-04-16_02-18-38_ashv2_ask_half_7_ask_mult_0.0_ask_mult_0.0_bid_half_4_bid_mult_1.0,-23531.8125,-350.765625,-23546.984375,23196.21875,0.0,,-0.24622354370792482,79.7809928465042,500,99800.0,23181.046875,15.171875,,,
ashv2_ask_half_2_ask_mult_0.0_ask_mult_0.75_base_ske_1.5_bid_half_5,182478,98-ashv2_ask_half_2_ask_mult_0.0_ask_mult_0.75_base_ske_1.5_bid_half_5.py,2026-04-16T06:21:35.172000+00:00,runs/2026-04-16_02-21-35_ashv2_ask_half_2_ask_mult_0.0_ask_mult_0.75_base_ske_1.5_bid_half_5/artifact.json,runs/2026-04-16_02-21-35_ashv2_ask_half_2_ask_mult_0.0_ask_mult_0.75_base_ske_1.5_bid_half_5,-32197.46875,-350.765625,-32214.21875,31863.453125,0.0,,-0.33339160615908087,109.28287759736187,500,99800.0,31846.703125,16.75,,,
ashv2_ask_mult_0.25_bid_half_4_bid_mult_0.25_flatten__1_flatten__12,182538,99-ashv2_ask_mult_0.25_bid_half_4_bid_mult_0.25_flatten__1_flatten__12.py,2026-04-16T06:23:40.249000+00:00,runs/2026-04-16_02-23-40_ashv2_ask_mult_0.25_bid_half_4_bid_mult_0.25_flatten__1_flatten__12/artifact.json,runs/2026-04-16_02-23-40_ashv2_ask_mult_0.25_bid_half_4_bid_mult_0.25_flatten__1_flatten__12,6571.03125,6571.03125,-682.0,439.09375,0.6873356704645048,11300.0,0.07364744061335621,29.570998053343377,500,99800.0,0.0,7253.03125,,,
ashv2_ask_half_6_ask_mult_0.0_bid_half_6_bid_mult_0.0_bid_mult_0.25,182593,100-ashv2_ask_half_6_ask_mult_0.0_bid_half_6_bid_mult_0.0_bid_mult_0.25.py,2026-04-16T06:25:35.604000+00:00,runs/2026-04-16_02-25-35_ashv2_ask_half_6_ask_mult_0.0_bid_half_6_bid_mult_0.0_bid_mult_0.25/artifact.json,runs/2026-04-16_02-25-35_ashv2_ask_half_6_ask_mult_0.0_bid_half_6_bid_mult_0.0_bid_mult_0.25,4319.0625,4477.0,-725.34375,577.09375,0.2810715854194115,15700.0,0.05225823592099056,36.32842368278752,500,99800.0,157.9375,1626.96875,,,
ashv2_ask_half_6_ask_mult_0.75_base_ske_-1.0_bid_half_1_bid_mult_0.75,182647,101-ashv2_ask_half_6_ask_mult_0.75_base_ske_-1.0_bid_half_1_bid_mult_0.75.py,2026-04-16T06:27:32.248000+00:00,runs/2026-04-16_02-27-31_ashv2_ask_half_6_ask_mult_0.75_base_ske_-1.0_bid_half_1_bid_mult_0.75/artifact.json,runs/2026-04-16_02-27-31_ashv2_ask_half_6_ask_mult_0.75_base_ske_-1.0_bid_half_1_bid_mult_0.75,-20407.25,-242.90625,-20422.5859375,20179.6796875,0.0,,-0.22069069965576738,87.50686091055346,500,99800.0,20164.34375,15.3359375,,,
ashv2_ask_half_8_ask_mult_0.0_ask_mult_1.0_base_ske_0.5_bid_half_7,182715,102-ashv2_ask_half_8_ask_mult_0.0_ask_mult_1.0_base_ske_0.5_bid_half_7.py,2026-04-16T06:29:37.526000+00:00,runs/2026-04-16_02-29-37_ashv2_ask_half_8_ask_mult_0.0_ask_mult_1.0_base_ske_0.5_bid_half_7/artifact.json,runs/2026-04-16_02-29-37_ashv2_ask_half_8_ask_mult_0.0_ask_mult_1.0_base_ske_0.5_bid_half_7,-27417.8125,-350.765625,-27432.984375,27082.21875,0.0,,-0.28687444722388267,96.1242870552963,500,99800.0,27067.046875,15.171875,,,
ashv2_ask_half_2_ask_mult_0.0_ask_mult_0.75_base_ske_0.25_bid_half_7,182821,104-ashv2_ask_half_2_ask_mult_0.0_ask_mult_0.75_base_ske_0.25_bid_half_7.py,2026-04-16T06:33:32.681000+00:00,runs/2026-04-16_02-33-32_ashv2_ask_half_2_ask_mult_0.0_ask_mult_0.75_base_ske_0.25_bid_half_7/artifact.json,runs/2026-04-16_02-33-32_ashv2_ask_half_2_ask_mult_0.0_ask_mult_0.75_base_ske_0.25_bid_half_7,8414.34375,8414.34375,-682.0,439.09375,0.006430701860248608,7900.0,0.09241271485101565,23.328853168898238,500,99800.0,0.0,9096.34375,,,
ashv2_ask_half_4_ask_mult_0.5_ask_mult_0.75_base_ske_-0.25_bid_half_2,182877,105-ashv2_ask_half_4_ask_mult_0.5_ask_mult_0.75_base_ske_-0.25_bid_half_2.py,2026-04-16T06:35:38.004000+00:00,runs/2026-04-16_02-35-37_ashv2_ask_half_4_ask_mult_0.5_ask_mult_0.75_base_ske_-0.25_bid_half_2/artifact.json,runs/2026-04-16_02-35-37_ashv2_ask_half_4_ask_mult_0.5_ask_mult_0.75_base_ske_-0.25_bid_half_2,8594.65625,8594.65625,-682.0,439.09375,0.010267741096958669,7700.0,0.09377801962035973,23.81236862694039,500,99800.0,0.0,9276.65625,,,
ashv2_ask_half_2_ask_mult_0.5_ask_mult_0.75_base_ske_0.25_bid_half_4,182931,106-ashv2_ask_half_2_ask_mult_0.5_ask_mult_0.75_base_ske_0.25_bid_half_4.py,2026-04-16T06:37:33.291000+00:00,runs/2026-04-16_02-37-33_ashv2_ask_half_2_ask_mult_0.5_ask_mult_0.75_base_ske_0.25_bid_half_4/artifact.json,runs/2026-04-16_02-37-33_ashv2_ask_half_2_ask_mult_0.5_ask_mult_0.75_base_ske_0.25_bid_half_4,8358.21875,8358.21875,-682.0,439.09375,0.05790108564535585,7900.0,0.09157212408443384,24.77420169405705,500,99800.0,0.0,9040.21875,,,
ashv2_ask_half_2_ask_mult_0.0_bid_half_2_bid_mult_0.75_flatten__1,182992,107-ashv2_ask_half_2_ask_mult_0.0_bid_half_2_bid_mult_0.75_flatten__1.py,2026-04-16T06:39:38.621000+00:00,runs/2026-04-16_02-39-38_ashv2_ask_half_2_ask_mult_0.0_bid_half_2_bid_mult_0.75_flatten__1/artifact.json,runs/2026-04-16_02-39-38_ashv2_ask_half_2_ask_mult_0.0_bid_half_2_bid_mult_0.75_flatten__1,7943.71875,7943.71875,-682.0,439.09375,0.04725495111556781,8100.0,0.08743160791174415,23.691188047459036,500,99800.0,0.0,8625.71875,,,
ashv2_ask_mult_0.25_base_ske_-0.5_bid_mult_0.0_bid_mult_0.75_flatten__20,183041,108-ashv2_ask_mult_0.25_base_ske_-0.5_bid_mult_0.0_bid_mult_0.75_flatten__20.py,2026-04-16T06:41:33.285000+00:00,runs/2026-04-16_02-41-33_ashv2_ask_mult_0.25_base_ske_-0.5_bid_mult_0.0_bid_mult_0.75_flatten__20/artifact.json,runs/2026-04-16_02-41-33_ashv2_ask_mult_0.25_base_ske_-0.5_bid_mult_0.0_bid_mult_0.75_flatten__20,8417.25,8417.25,-682.0,439.09375,0.006667584524910017,7900.0,0.09192635641112877,22.555486621152443,500,99800.0,0.0,9099.25,,,
ashv2_ask_half_4_ask_mult_0.0_ask_mult_0.25_base_ske_0.25_bid_half_4,183098,109-ashv2_ask_half_4_ask_mult_0.0_ask_mult_0.25_base_ske_0.25_bid_half_4.py,2026-04-16T06:43:38.707000+00:00,runs/2026-04-16_02-43-38_ashv2_ask_half_4_ask_mult_0.0_ask_mult_0.25_base_ske_0.25_bid_half_4/artifact.json,runs/2026-04-16_02-43-38_ashv2_ask_half_4_ask_mult_0.0_ask_mult_0.25_base_ske_0.25_bid_half_4,8738.0625,8738.0625,-682.0,439.09375,0.015507596876326916,7700.0,0.0945748039862472,24.641201810520418,500,99800.0,0.0,9420.0625,,,
ashv2_ask_mult_0.0_base_ske_0.25_bid_half_4_bid_mult_0.0_flatten__4,183149,110-ashv2_ask_mult_0.0_base_ske_0.25_bid_half_4_bid_mult_0.0_flatten__4.py,2026-04-16T06:45:34.438000+00:00,runs/2026-04-16_02-45-34_ashv2_ask_mult_0.0_base_ske_0.25_bid_half_4_bid_mult_0.0_flatten__4/artifact.json,runs/2026-04-16_02-45-34_ashv2_ask_mult_0.0_base_ske_0.25_bid_half_4_bid_mult_0.0_flatten__4,8013.03125,8013.03125,-682.0,439.09375,0.017730517781640375,7900.0,0.0861647860923475,23.83304542759892,500,99800.0,0.0,8695.03125,,,
ashv2_ask_mult_0.0_bid_half_5_bid_mult_0.25_flatten__0.7_imbalanc_0.4,183202,111-ashv2_ask_mult_0.0_bid_half_5_bid_mult_0.25_flatten__0.7_imbalanc_0.4.py,2026-04-16T06:47:39.600000+00:00,runs/2026-04-16_02-47-39_ashv2_ask_mult_0.0_bid_half_5_bid_mult_0.25_flatten__0.7_imbalanc_0.4/artifact.json,runs/2026-04-16_02-47-39_ashv2_ask_mult_0.0_bid_half_5_bid_mult_0.25_flatten__0.7_imbalanc_0.4,8399.875,8399.875,-682.0,439.09375,0.0376653880599537,7700.0,0.09096931835157028,23.94678692356727,500,99800.0,0.0,9081.875,,,
ashv2_ask_mult_0.25_base_ske_0.5_bid_half_6_flatten__14_flatten__0.95,183249,112-ashv2_ask_mult_0.25_base_ske_0.5_bid_half_6_flatten__14_flatten__0.95.py,2026-04-16T06:49:34.205000+00:00,runs/2026-04-16_02-49-33_ashv2_ask_mult_0.25_base_ske_0.5_bid_half_6_flatten__14_flatten__0.95/artifact.json,runs/2026-04-16_02-49-33_ashv2_ask_mult_0.25_base_ske_0.5_bid_half_6_flatten__14_flatten__0.95,8101.90625,8101.90625,-682.0,439.09375,0.058184990358253204,7500.0,0.08618580140492436,27.445795061769008,500,99800.0,0.0,8783.90625,,,
ashv2_ask_half_8_ask_mult_0.5_base_ske_-0.5_bid_half_2_bid_mult_0.5,183303,113-ashv2_ask_half_8_ask_mult_0.5_base_ske_-0.5_bid_half_2_bid_mult_0.5.py,2026-04-16T06:51:39.655000+00:00,runs/2026-04-16_02-51-39_ashv2_ask_half_8_ask_mult_0.5_base_ske_-0.5_bid_half_2_bid_mult_0.5/artifact.json,runs/2026-04-16_02-51-39_ashv2_ask_half_8_ask_mult_0.5_base_ske_-0.5_bid_half_2_bid_mult_0.5,8202.15625,8202.15625,-682.0,439.09375,0.008300801968854755,7700.0,0.08768031397774029,23.992934025637943,500,99800.0,0.0,8884.15625,,,
ashv2_ask_half_5_ask_mult_0.0_ask_mult_0.25_base_ske_-0.25_bid_half_8,183355,114-ashv2_ask_half_5_ask_mult_0.0_ask_mult_0.25_base_ske_-0.25_bid_half_8.py,2026-04-16T06:53:34.849000+00:00,runs/2026-04-16_02-53-34_ashv2_ask_half_5_ask_mult_0.0_ask_mult_0.25_base_ske_-0.25_bid_half_8/artifact.json,runs/2026-04-16_02-53-34_ashv2_ask_half_5_ask_mult_0.0_ask_mult_0.25_base_ske_-0.25_bid_half_8,8707.84375,8707.84375,-682.0,439.09375,0.026126094447765393,7300.0,0.0953618444183933,25.89364334953631,500,99800.0,0.0,9389.84375,,,
ashv2_ask_half_8_ask_mult_0.5_ask_mult_1.0_bid_half_7_bid_mult_0.75,183412,115-ashv2_ask_half_8_ask_mult_0.5_ask_mult_1.0_bid_half_7_bid_mult_0.75.py,2026-04-16T06:55:40.475000+00:00,runs/2026-04-16_02-55-40_ashv2_ask_half_8_ask_mult_0.5_ask_mult_1.0_bid_half_7_bid_mult_0.75/artifact.json,runs/2026-04-16_02-55-40_ashv2_ask_half_8_ask_mult_0.5_ask_mult_1.0_bid_half_7_bid_mult_0.75,8547.625,8547.625,-682.0,439.09375,0.011281310275802186,7300.0,0.09101902954088378,25.183432202439185,500,99800.0,0.0,9229.625,,,
ashv2_ask_half_7_ask_mult_0.0_base_ske_0.25_bid_half_7_bid_mult_0.5,183458,116-ashv2_ask_half_7_ask_mult_0.0_base_ske_0.25_bid_half_7_bid_mult_0.5.py,2026-04-16T06:57:35.380000+00:00,runs/2026-04-16_02-57-35_ashv2_ask_half_7_ask_mult_0.0_base_ske_0.25_bid_half_7_bid_mult_0.5/artifact.json,runs/2026-04-16_02-57-35_ashv2_ask_half_7_ask_mult_0.0_base_ske_0.25_bid_half_7_bid_mult_0.5,8771.9375,8771.9375,-682.0,439.09375,0.019769472581208522,7300.0,0.09460964487850139,24.841544898535332,500,99800.0,0.0,9453.9375,,,
ashv2_ask_half_5_ask_mult_0.5_ask_mult_1.0_base_ske_-0.5_bid_half_7,183503,117-ashv2_ask_half_5_ask_mult_0.5_ask_mult_1.0_base_ske_-0.5_bid_half_7.py,2026-04-16T06:59:40.888000+00:00,runs/2026-04-16_02-59-40_ashv2_ask_half_5_ask_mult_0.5_ask_mult_1.0_base_ske_-0.5_bid_half_7/artifact.json,runs/2026-04-16_02-59-40_ashv2_ask_half_5_ask_mult_0.5_ask_mult_1.0_base_ske_-0.5_bid_half_7,8811.96875,8811.96875,-682.0,439.09375,0.020522149878718244,7700.0,0.09617791152102108,23.96330461959541,500,99800.0,0.0,9493.96875,,,
ashv2_ask_half_6_ask_mult_0.0_base_ske_0.25_bid_mult_0.75_flatten__12,183546,118-ashv2_ask_half_6_ask_mult_0.0_base_ske_0.25_bid_mult_0.75_flatten__12.py,2026-04-16T07:01:35.807000+00:00,runs/2026-04-16_03-01-35_ashv2_ask_half_6_ask_mult_0.0_base_ske_0.25_bid_mult_0.75_flatten__12/artifact.json,runs/2026-04-16_03-01-35_ashv2_ask_half_6_ask_mult_0.0_base_ske_0.25_bid_mult_0.75_flatten__12,8511.1875,8511.1875,-682.0,439.09375,0.01202116333137779,7700.0,0.09173894812782377,23.825662285338282,500,99800.0,0.0,9193.1875,,,
ashv2_ask_half_2_ask_mult_0.25_bid_half_5_bid_mult_0.0_flatten__1,183599,119-ashv2_ask_half_2_ask_mult_0.25_bid_half_5_bid_mult_0.0_flatten__1.py,2026-04-16T07:03:30.872000+00:00,runs/2026-04-16_03-03-30_ashv2_ask_half_2_ask_mult_0.25_bid_half_5_bid_mult_0.0_flatten__1/artifact.json,runs/2026-04-16_03-03-30_ashv2_ask_half_2_ask_mult_0.25_bid_half_5_bid_mult_0.0_flatten__1,8071.8125,8071.8125,-682.0,439.09375,0.03600513566214151,7700.0,0.08556418027765861,26.69874367389518,500,99800.0,0.0,8753.8125,,,
ashv2_ask_half_7_ask_mult_0.25_base_ske_0.25_bid_half_4_flatten__1,183657,120-ashv2_ask_half_7_ask_mult_0.25_base_ske_0.25_bid_half_4_flatten__1.py,2026-04-16T07:05:35.262000+00:00,runs/2026-04-16_03-05-34_ashv2_ask_half_7_ask_mult_0.25_base_ske_0.25_bid_half_4_flatten__1/artifact.json,runs/2026-04-16_03-05-34_ashv2_ask_half_7_ask_mult_0.25_base_ske_0.25_bid_half_4_flatten__1,8424.3125,8424.3125,-682.0,439.09375,0.023790333413932996,7500.0,0.08918405497887616,26.47343763158932,500,99800.0,0.0,9106.3125,,,
ashv2_ask_half_1_ask_mult_0.0_ask_mult_0.75_base_ske_0.25_bid_mult_1.0,183716,121-ashv2_ask_half_1_ask_mult_0.0_ask_mult_0.75_base_ske_0.25_bid_mult_1.0.py,2026-04-16T07:07:41.432000+00:00,runs/2026-04-16_03-07-41_ashv2_ask_half_1_ask_mult_0.0_ask_mult_0.75_base_ske_0.25_bid_mult_1.0/artifact.json,runs/2026-04-16_03-07-41_ashv2_ask_half_1_ask_mult_0.0_ask_mult_0.75_base_ske_0.25_bid_mult_1.0,8310.03125,8310.03125,-682.0,439.09375,0.01174517216716052,7900.0,0.09061045360673631,23.63201833860929,500,99800.0,0.0,8992.03125,,,
ashv2_ask_half_5_ask_mult_0.25_base_ske_-0.25_bid_half_4_bid_mult_0.0,183754,122-ashv2_ask_half_5_ask_mult_0.25_base_ske_-0.25_bid_half_4_bid_mult_0.0.py,2026-04-16T07:09:36.168000+00:00,runs/2026-04-16_03-09-35_ashv2_ask_half_5_ask_mult_0.25_base_ske_-0.25_bid_half_4_bid_mult_0.0/artifact.json,runs/2026-04-16_03-09-35_ashv2_ask_half_5_ask_mult_0.25_base_ske_-0.25_bid_half_4_bid_mult_0.0,8777.28125,8777.28125,-682.0,439.09375,0.01020266839019436,7700.0,0.09525418309907614,23.811965201642092,500,99800.0,0.0,9459.28125,,,
ashv2_ask_half_6_ask_mult_0.5_ask_mult_0.0_bid_half_6_bid_mult_0.5,183805,123-ashv2_ask_half_6_ask_mult_0.5_ask_mult_0.0_bid_half_6_bid_mult_0.5.py,2026-04-16T07:11:31.386000+00:00,runs/2026-04-16_03-11-31_ashv2_ask_half_6_ask_mult_0.5_ask_mult_0.0_bid_half_6_bid_mult_0.5/artifact.json,runs/2026-04-16_03-11-31_ashv2_ask_half_6_ask_mult_0.5_ask_mult_0.0_bid_half_6_bid_mult_0.5,8786.28125,8786.28125,-682.0,439.09375,0.02394449615026652,7700.0,0.09471168191266514,25.54403841202826,500,99800.0,0.0,9468.28125,,,
ashv2_ask_half_6_base_ske_0.25_bid_half_7_bid_mult_0.0_flatten__1,183856,124-ashv2_ask_half_6_base_ske_0.25_bid_half_7_bid_mult_0.0_flatten__1.py,2026-04-16T07:13:36.594000+00:00,runs/2026-04-16_03-13-36_ashv2_ask_half_6_base_ske_0.25_bid_half_7_bid_mult_0.0_flatten__1/artifact.json,runs/2026-04-16_03-13-36_ashv2_ask_half_6_base_ske_0.25_bid_half_7_bid_mult_0.0_flatten__1,8923.34375,8923.34375,-682.0,439.09375,0.05067489394523718,7700.0,0.09568030493996976,25.50008685829904,500,99800.0,0.0,9605.34375,,,
ashv2_ask_half_6_bid_half_6_bid_mult_0.0_bid_mult_0.75_flatten__1,183912,125-ashv2_ask_half_6_bid_half_6_bid_mult_0.0_bid_mult_0.75_flatten__1.py,2026-04-16T07:15:32.461000+00:00,runs/2026-04-16_03-15-32_ashv2_ask_half_6_bid_half_6_bid_mult_0.0_bid_mult_0.75_flatten__1/artifact.json,runs/2026-04-16_03-15-32_ashv2_ask_half_6_bid_half_6_bid_mult_0.0_bid_mult_0.75_flatten__1,9410.75,9410.75,-682.0,439.09375,0.01015595121743934,7300.0,0.10209952706053012,25.870106402445526,500,99800.0,0.0,10092.75,,,
ashv2_ask_half_2_ask_mult_0.0_ask_mult_0.25_base_ske_-0.5_bid_half_6,183978,126-ashv2_ask_half_2_ask_mult_0.0_ask_mult_0.25_base_ske_-0.5_bid_half_6.py,2026-04-16T07:17:37.737000+00:00,runs/2026-04-16_03-17-37_ashv2_ask_half_2_ask_mult_0.0_ask_mult_0.25_base_ske_-0.5_bid_half_6/artifact.json,runs/2026-04-16_03-17-37_ashv2_ask_half_2_ask_mult_0.0_ask_mult_0.25_base_ske_-0.5_bid_half_6,8628.28125,8628.28125,-682.0,439.09375,0.004951553811534099,7500.0,0.09395613437344374,23.5753895735911,500,99800.0,0.0,9310.28125,,,
ashv2_ask_half_5_base_ske_0.5_bid_half_1_bid_mult_0.5_bid_mult_0.75,184034,127-ashv2_ask_half_5_base_ske_0.5_bid_half_1_bid_mult_0.5_bid_mult_0.75.py,2026-04-16T07:19:31.778000+00:00,runs/2026-04-16_03-19-31_ashv2_ask_half_5_base_ske_0.5_bid_half_1_bid_mult_0.5_bid_mult_0.75/artifact.json,runs/2026-04-16_03-19-31_ashv2_ask_half_5_base_ske_0.5_bid_half_1_bid_mult_0.5_bid_mult_0.75,8371.25,8371.25,-682.0,439.09375,0.008037397710264934,7700.0,0.09017370805069158,23.668982884329644,500,99800.0,0.0,9053.25,,,
ashv2_ask_half_4_ask_mult_0.75_base_ske_0.25_bid_half_5_bid_mult_0.25,184092,128-ashv2_ask_half_4_ask_mult_0.75_base_ske_0.25_bid_half_5_bid_mult_0.25.py,2026-04-16T07:21:37.511000+00:00,runs/2026-04-16_03-21-37_ashv2_ask_half_4_ask_mult_0.75_base_ske_0.25_bid_half_5_bid_mult_0.25/artifact.json,runs/2026-04-16_03-21-37_ashv2_ask_half_4_ask_mult_0.75_base_ske_0.25_bid_half_5_bid_mult_0.25,8566.09375,8566.09375,-682.0,439.09375,0.014123091827917572,7700.0,0.09265094067462207,24.695281291235915,500,99800.0,0.0,9248.09375,,,
ashv2_ask_mult_0.25_base_ske_0.5_bid_half_8_bid_mult_0.0_flatten__8,184139,129-ashv2_ask_mult_0.25_base_ske_0.5_bid_half_8_bid_mult_0.0_flatten__8.py,2026-04-16T07:23:31.634000+00:00,runs/2026-04-16_03-23-31_ashv2_ask_mult_0.25_base_ske_0.5_bid_half_8_bid_mult_0.0_flatten__8/artifact.json,runs/2026-04-16_03-23-31_ashv2_ask_mult_0.25_base_ske_0.5_bid_half_8_bid_mult_0.0_flatten__8,8551.9375,8551.9375,-682.0,439.09375,0.05948392937980987,7700.0,0.09357846825082612,23.489459756856515,500,99800.0,0.0,9233.9375,,,
ashv2_ask_half_4_ask_mult_0.75_base_ske_-0.5_bid_half_8_bid_mult_0.5,184204,130-ashv2_ask_half_4_ask_mult_0.75_base_ske_-0.5_bid_half_8_bid_mult_0.5.py,2026-04-16T07:25:36.835000+00:00,runs/2026-04-16_03-25-36_ashv2_ask_half_4_ask_mult_0.75_base_ske_-0.5_bid_half_8_bid_mult_0.5/artifact.json,runs/2026-04-16_03-25-36_ashv2_ask_half_4_ask_mult_0.75_base_ske_-0.5_bid_half_8_bid_mult_0.5,8758.25,8758.25,-682.0,439.09375,0.031064038870994157,7300.0,0.09390621550361201,27.889138531522455,500,99800.0,0.0,9440.25,,,
ashv2_ask_half_6_base_ske_0.25_bid_half_2_flatten__1_flatten__16,184269,131-ashv2_ask_half_6_base_ske_0.25_bid_half_2_flatten__1_flatten__16.py,2026-04-16T07:27:32.893000+00:00,runs/2026-04-16_03-27-32_ashv2_ask_half_6_base_ske_0.25_bid_half_2_flatten__1_flatten__16/artifact.json,runs/2026-04-16_03-27-32_ashv2_ask_half_6_base_ske_0.25_bid_half_2_flatten__1_flatten__16,8719.28125,8719.28125,-682.0,439.09375,0.007154742096505824,7700.0,0.09411992497227802,24.398597815366173,500,99800.0,0.0,9401.28125,,,
ashv2_ask_half_2_ask_mult_0.5_ask_mult_0.75_base_ske_-0.25_bid_half_5,184334,132-ashv2_ask_half_2_ask_mult_0.5_ask_mult_0.75_base_ske_-0.25_bid_half_5.py,2026-04-16T07:29:41.112000+00:00,runs/2026-04-16_03-29-40_ashv2_ask_half_2_ask_mult_0.5_ask_mult_0.75_base_ske_-0.25_bid_half_5/artifact.json,runs/2026-04-16_03-29-40_ashv2_ask_half_2_ask_mult_0.5_ask_mult_0.75_base_ske_-0.25_bid_half_5,8559.28125,8559.28125,-682.0,439.09375,0.01233826864078965,7700.0,0.09353686034025387,24.37328442084832,500,99800.0,0.0,9241.28125,,,
ashv2_ask_half_2_ask_mult_0.5_ask_mult_0.75_base_ske_-0.25_bid_half_1,184390,133-ashv2_ask_half_2_ask_mult_0.5_ask_mult_0.75_base_ske_-0.25_bid_half_1.py,2026-04-16T07:31:36.182000+00:00,runs/2026-04-16_03-31-36_ashv2_ask_half_2_ask_mult_0.5_ask_mult_0.75_base_ske_-0.25_bid_half_1/artifact.json,runs/2026-04-16_03-31-36_ashv2_ask_half_2_ask_mult_0.5_ask_mult_0.75_base_ske_-0.25_bid_half_1,8028.1875,8028.1875,-682.0,439.09375,0.03036697247706422,8100.0,0.08769939138428429,23.67963155879709,500,99800.0,0.0,8710.1875,,,
ashv2_ask_half_4_ask_mult_1.0_base_ske_-0.25_bid_half_4_bid_mult_0.0,184432,134-ashv2_ask_half_4_ask_mult_1.0_base_ske_-0.25_bid_half_4_bid_mult_0.0.py,2026-04-16T07:33:31.400000+00:00,runs/2026-04-16_03-33-31_ashv2_ask_half_4_ask_mult_1.0_base_ske_-0.25_bid_half_4_bid_mult_0.0/artifact.json,runs/2026-04-16_03-33-31_ashv2_ask_half_4_ask_mult_1.0_base_ske_-0.25_bid_half_4_bid_mult_0.0,8589.3125,8589.3125,-682.0,439.09375,0.009101019752815676,7700.0,0.09281796469131189,23.745733319309785,500,99800.0,0.0,9271.3125,,,
ashv2_ask_half_5_ask_mult_0.25_bid_mult_0.0_bid_mult_0.25_flatten__0.85,184486,135-ashv2_ask_half_5_ask_mult_0.25_bid_mult_0.0_bid_mult_0.25_flatten__0.85.py,2026-04-16T07:35:36.980000+00:00,runs/2026-04-16_03-35-36_ashv2_ask_half_5_ask_mult_0.25_bid_mult_0.0_bid_mult_0.25_flatten__0.85/artifact.json,runs/2026-04-16_03-35-36_ashv2_ask_half_5_ask_mult_0.25_bid_mult_0.0_bid_mult_0.25_flatten__0.85,8670.75,8670.75,-682.0,439.09375,0.01006442689185746,7700.0,0.09329237040557538,23.52262264768383,500,99800.0,0.0,9352.75,,,
ashv2_ask_mult_0.25_base_ske_-0.25_bid_half_2_bid_mult_1.0_flatten__1,184532,136-ashv2_ask_mult_0.25_base_ske_-0.25_bid_half_2_bid_mult_1.0_flatten__1.py,2026-04-16T07:37:32.547000+00:00,runs/2026-04-16_03-37-32_ashv2_ask_mult_0.25_base_ske_-0.25_bid_half_2_bid_mult_1.0_flatten__1/artifact.json,runs/2026-04-16_03-37-32_ashv2_ask_mult_0.25_base_ske_-0.25_bid_half_2_bid_mult_1.0_flatten__1,8359.53125,8359.53125,-682.0,439.09375,0.007764532430623587,7900.0,0.0906146035366954,23.338630047573385,500,99800.0,0.0,9041.53125,,,
ashv2_ask_half_7_ask_mult_0.75_base_ske_0.25_bid_half_1_bid_mult_0.0,184586,137-ashv2_ask_half_7_ask_mult_0.75_base_ske_0.25_bid_half_1_bid_mult_0.0.py,2026-04-16T07:39:37.903000+00:00,runs/2026-04-16_03-39-37_ashv2_ask_half_7_ask_mult_0.75_base_ske_0.25_bid_half_1_bid_mult_0.0/artifact.json,runs/2026-04-16_03-39-37_ashv2_ask_half_7_ask_mult_0.75_base_ske_0.25_bid_half_1_bid_mult_0.0,8715.125,8715.125,-682.0,439.09375,0.004704043638815255,7700.0,0.0945504942229144,24.041570806558145,500,99800.0,0.0,9397.125,,,
ashv2_ask_half_8_ask_mult_0.5_base_ske_0.25_bid_half_7_bid_mult_0.25,184620,138-ashv2_ask_half_8_ask_mult_0.5_base_ske_0.25_bid_half_7_bid_mult_0.25.py,2026-04-16T07:41:33.242000+00:00,runs/2026-04-16_03-41-32_ashv2_ask_half_8_ask_mult_0.5_base_ske_0.25_bid_half_7_bid_mult_0.25/artifact.json,runs/2026-04-16_03-41-32_ashv2_ask_half_8_ask_mult_0.5_base_ske_0.25_bid_half_7_bid_mult_0.25,9421.125,9421.125,-682.0,439.09375,0.01562931462970122,7100.0,0.10129350152869361,26.177786741720904,500,99800.0,0.0,10103.125,,,
ashv2_ask_half_5_base_ske_-0.25_bid_half_7_bid_mult_0.0_flatten__1,184670,139-ashv2_ask_half_5_base_ske_-0.25_bid_half_7_bid_mult_0.0_flatten__1.py,2026-04-16T07:43:38.256000+00:00,runs/2026-04-16_03-43-38_ashv2_ask_half_5_base_ske_-0.25_bid_half_7_bid_mult_0.0_flatten__1/artifact.json,runs/2026-04-16_03-43-38_ashv2_ask_half_5_base_ske_-0.25_bid_half_7_bid_mult_0.0_flatten__1,8654.875,8654.875,-682.0,439.09375,0.06901893287435457,7700.0,0.09465397112010324,25.154193185219878,500,99800.0,0.0,9336.875,,,
ashv2_ask_half_2_ask_mult_0.5_ask_mult_0.75_base_ske_-0.25_bid_half_7,184724,140-ashv2_ask_half_2_ask_mult_0.5_ask_mult_0.75_base_ske_-0.25_bid_half_7.py,2026-04-16T07:45:33.071000+00:00,runs/2026-04-16_03-45-32_ashv2_ask_half_2_ask_mult_0.5_ask_mult_0.75_base_ske_-0.25_bid_half_7/artifact.json,runs/2026-04-16_03-45-32_ashv2_ask_half_2_ask_mult_0.5_ask_mult_0.75_base_ske_-0.25_bid_half_7,6548.78125,6548.78125,-682.0,727.234375,0.15680388649127594,7500.0,0.06603840182774794,36.00643125221244,500,99800.0,0.0,2638.15625,,,
ashv2_ask_half_5_ask_mult_0.25_base_ske_0.5_bid_half_5_bid_mult_0.5,184780,141-ashv2_ask_half_5_ask_mult_0.25_base_ske_0.5_bid_half_5_bid_mult_0.5.py,2026-04-16T07:47:38.516000+00:00,runs/2026-04-16_03-47-38_ashv2_ask_half_5_ask_mult_0.25_base_ske_0.5_bid_half_5_bid_mult_0.5/artifact.json,runs/2026-04-16_03-47-38_ashv2_ask_half_5_ask_mult_0.25_base_ske_0.5_bid_half_5_bid_mult_0.5,8823.6875,8823.6875,-682.0,439.09375,0.013959235644818838,7500.0,0.09539827636630858,24.158730244306945,500,99800.0,0.0,9505.6875,,,
ashv2_ask_half_1_ask_mult_0.0_ask_mult_0.0_base_ske_-0.5_bid_half_5,184829,142-ashv2_ask_half_1_ask_mult_0.0_ask_mult_0.0_base_ske_-0.5_bid_half_5.py,2026-04-16T07:49:34.226000+00:00,runs/2026-04-16_03-49-33_ashv2_ask_half_1_ask_mult_0.0_ask_mult_0.0_base_ske_-0.5_bid_half_5/artifact.json,runs/2026-04-16_03-49-33_ashv2_ask_half_1_ask_mult_0.0_ask_mult_0.0_base_ske_-0.5_bid_half_5,8236.53125,8236.53125,-682.0,439.09375,0.0031260581731453446,8100.0,0.09043182694472965,22.200176473063582,500,99800.0,0.0,8918.53125,,,
ashv2_ask_half_7_ask_mult_0.0_ask_mult_0.75_base_ske_0.25_bid_half_5,184882,143-ashv2_ask_half_7_ask_mult_0.0_ask_mult_0.75_base_ske_0.25_bid_half_5.py,2026-04-16T07:51:40.564000+00:00,runs/2026-04-16_03-51-40_ashv2_ask_half_7_ask_mult_0.0_ask_mult_0.75_base_ske_0.25_bid_half_5/artifact.json,runs/2026-04-16_03-51-40_ashv2_ask_half_7_ask_mult_0.0_ask_mult_0.75_base_ske_0.25_bid_half_5,8573.5,8573.5,-682.0,439.09375,0.02850446091032814,7700.0,0.09162224601101529,24.459188026909686,500,99800.0,0.0,9255.5,,,
ashv2_ask_half_4_ask_mult_0.0_ask_mult_1.0_base_ske_0.25_bid_half_4,184934,144-ashv2_ask_half_4_ask_mult_0.0_ask_mult_1.0_base_ske_0.25_bid_half_4.py,2026-04-16T07:53:35.934000+00:00,runs/2026-04-16_03-53-35_ashv2_ask_half_4_ask_mult_0.0_ask_mult_1.0_base_ske_0.25_bid_half_4/artifact.json,runs/2026-04-16_03-53-35_ashv2_ask_half_4_ask_mult_0.0_ask_mult_1.0_base_ske_0.25_bid_half_4,8565.375,8565.375,-682.0,439.09375,0.014646997529343146,7700.0,0.09206020277221734,25.125510011391132,500,99800.0,0.0,9247.375,,,
ashv2_ask_half_2_ask_mult_1.0_bid_half_5_bid_mult_0.0_bid_mult_0.25,184997,145-ashv2_ask_half_2_ask_mult_1.0_bid_half_5_bid_mult_0.0_bid_mult_0.25.py,2026-04-16T07:55:31.513000+00:00,runs/2026-04-16_03-55-31_ashv2_ask_half_2_ask_mult_1.0_bid_half_5_bid_mult_0.0_bid_mult_0.25/artifact.json,runs/2026-04-16_03-55-31_ashv2_ask_half_2_ask_mult_1.0_bid_half_5_bid_mult_0.0_bid_mult_0.25,8634.90625,8634.90625,-682.0,439.09375,0.0039799410968717665,7700.0,0.09420726132677969,22.6244646242254,500,99800.0,0.0,9316.90625,,,
ashv2_ask_half_1_ask_mult_0.25_bid_half_6_bid_mult_0.5_bid_mult_0.0,185040,146-ashv2_ask_half_1_ask_mult_0.25_bid_half_6_bid_mult_0.5_bid_mult_0.0.py,2026-04-16T07:57:37.079000+00:00,runs/2026-04-16_03-57-36_ashv2_ask_half_1_ask_mult_0.25_bid_half_6_bid_mult_0.5_bid_mult_0.0/artifact.json,runs/2026-04-16_03-57-36_ashv2_ask_half_1_ask_mult_0.25_bid_half_6_bid_mult_0.5_bid_mult_0.0,8734.375,8734.375,-682.0,439.09375,0.011996022709048338,7500.0,0.09588174908246508,24.758097351288757,500,99800.0,0.0,9416.375,,,
ashv2_ask_half_2_ask_mult_1.0_base_ske_0.25_bid_half_6_bid_mult_0.0,185088,147-ashv2_ask_half_2_ask_mult_1.0_base_ske_0.25_bid_half_6_bid_mult_0.0.py,2026-04-16T07:59:31.930000+00:00,runs/2026-04-16_03-59-31_ashv2_ask_half_2_ask_mult_1.0_base_ske_0.25_bid_half_6_bid_mult_0.0/artifact.json,runs/2026-04-16_03-59-31_ashv2_ask_half_2_ask_mult_1.0_base_ske_0.25_bid_half_6_bid_mult_0.0,8805.96875,8805.96875,-682.0,439.09375,0.05256894629096417,7500.0,0.09627578890964002,24.650560080249722,500,99800.0,0.0,9487.96875,,,
ashv2_ask_half_2_ask_mult_0.0_ask_mult_0.75_base_ske_0.25_bid_half_7,185139,148-ashv2_ask_half_2_ask_mult_0.0_ask_mult_0.75_base_ske_0.25_bid_half_7.py,2026-04-16T08:01:36.532000+00:00,runs/2026-04-16_04-01-36_ashv2_ask_half_2_ask_mult_0.0_ask_mult_0.75_base_ske_0.25_bid_half_7/artifact.json,runs/2026-04-16_04-01-36_ashv2_ask_half_2_ask_mult_0.0_ask_mult_0.75_base_ske_0.25_bid_half_7,8779.0,8779.0,-682.0,439.09375,0.005488923594790071,7300.0,0.09535855959462901,24.095378187554555,500,99800.0,0.0,9461.0,,,
